{
 "name": "mylibrary",
 "label": "My Library",
 "icon": "mylibrary.gif",
 "homepage": "http://mylibrary/",
 "author": "Angelo ZERR <angelo.zerr@gmail.com>",
 "description": "Add My Library support",
 "dependencies": [
  "browser"
  ],
 "repository": {
  "type": "git",
  "url": "https://github.com/angelozerr/tern-mylibrary.git"
 },
 "bugs": {
  "url": "https://github.com/angelozerr/tern-mylibrary/issues"
 },
 "help": {
  "url": "https://github.com/angelozerr/tern.java/wiki/mylibrary-support"
 }
}